id;title;description;img_link;img;img_content_type
1;Borders reboot;Car;Silver;../fake-data/blob/hipster.png;image/png
2;seize;Licensed bypass;Strategist TCP;../fake-data/blob/hipster.png;image/png
3;Innovative Awesome District;Officer;neural-net Car;../fake-data/blob/hipster.png;image/png
4;payment;Avon;Generic Wooden Gloves East Caribbean Dollar;../fake-data/blob/hipster.png;image/png
5;Gloves innovate JSON;magnetic Garden Tasty;Alley connect;../fake-data/blob/hipster.png;image/png
6;Strategist Tasty;Iceland Krona;digital Awesome;../fake-data/blob/hipster.png;image/png
7;mobile Singapore;multi-tasking seize;Planner back-end;../fake-data/blob/hipster.png;image/png
8;Automotive enable deposit;empower;Beauty;../fake-data/blob/hipster.png;image/png
9;Centers pixel Licensed Soft Chicken;Regional optical;teal optical Peru;../fake-data/blob/hipster.png;image/png
10;Incredible;Garden;Licensed;../fake-data/blob/hipster.png;image/png
