id;title;description;content;tenant_id
1;Integration;syndicate Sleek;../fake-data/blob/hipster.txt;Chief Analyst
2;Savings Account disintermediate;panel payment Group;../fake-data/blob/hipster.txt;Producer
3;Executive open-source;generate Saint Martin;../fake-data/blob/hipster.txt;Tuna modular systems
4;Canyon transmit;Intranet;../fake-data/blob/hipster.txt;quantifying
5;Accounts;deposit repurpose;../fake-data/blob/hipster.txt;Multi-layered
6;Home Loan Account Balboa US Dollar;Plastic Diverse Dynamic;../fake-data/blob/hipster.txt;JBOD New Zealand Buckinghamshire
7;payment;website;../fake-data/blob/hipster.txt;national analyzing
8;navigate multi-byte mindshare;Ergonomic Fresh Bike Bedfordshire Consultant;../fake-data/blob/hipster.txt;Auto Loan Account Puerto Rico Cambridgeshire
9;Practical Fresh Gloves Shirt;Configuration ADP;../fake-data/blob/hipster.txt;dynamic
10;Internal national ADP;virtual Awesome Fresh Soap Developer;../fake-data/blob/hipster.txt;generate
