id;address;email;contact;map_link;tenant_id
1;invoice Branding foreground;Einar_Corwin91@gmail.com;metrics Lead Bolivar Fuerte;../fake-data/blob/hipster.txt;CSS
2;digital enable Grocery;Rhoda76@gmail.com;client-driven matrices;../fake-data/blob/hipster.txt;Public-key
3;turquoise;Demetrius89@yahoo.com;Ergonomic Games;../fake-data/blob/hipster.txt;Puerto Rico Cambridgeshire
4;program;Queenie.Grant37@gmail.com;navigate AI mission-critical;../fake-data/blob/hipster.txt;Bhutan convergence deploy
5;Practical Plastic Chicken;Victor.OKon28@yahoo.com;Intelligent Cotton Hat systemic;../fake-data/blob/hipster.txt;Kwacha SCSI
6;challenge Bacon Small;Lindsay.Legros47@yahoo.com;Money Market Account contextually-based;../fake-data/blob/hipster.txt;Gorgeous Concrete Fish Ferry 3rd generation
7;Handcrafted;Daphne.Sanford3@gmail.com;Nevada secured line Bedfordshire;../fake-data/blob/hipster.txt;Rustic
8;Fantastic reboot;Gladys67@gmail.com;Views National;../fake-data/blob/hipster.txt;e-markets open-source
9;Checking Account Mississippi middleware;Rashawn7@hotmail.com;Clothing;../fake-data/blob/hipster.txt;e-business niches parse
10;1080p Handmade Rubber Soap Gorgeous Granite Cheese;Nasir_Quigley@gmail.com;back-end back-end;../fake-data/blob/hipster.txt;JSON Cotton architectures
