id;name;description;img_link;img;img_content_type;tenant_id
1;Rapid system Court;withdrawal;Cambridgeshire Kids Switchable;../fake-data/blob/hipster.png;image/png;Cambridgeshire Networked
2;Idaho payment;Taka Planner Argentine Peso;Consultant parallelism XML;../fake-data/blob/hipster.png;image/png;Soft Virginia Uganda Shilling
3;Pennsylvania calculating deposit;Ethiopian Birr Liaison SDD;haptic Shoes content;../fake-data/blob/hipster.png;image/png;Configurable fuchsia
4;iterate Malawi Iranian Rial;Brand;Future-proofed;../fake-data/blob/hipster.png;image/png;coherent Plastic Bike
5;Venezuela system;Corporate;compress plum;../fake-data/blob/hipster.png;image/png;Supervisor
6;mesh Hat Namibia;Web;North Korean Won;../fake-data/blob/hipster.png;image/png;ivory
7;Shoes virtual Nebraska;Rustic deposit Team-oriented;invoice;../fake-data/blob/hipster.png;image/png;Gloves
8;Bahamas Handcrafted Granite Bike;architectures Multi-layered JSON;cross-platform card;../fake-data/blob/hipster.png;image/png;Rustic Decentralized
9;upward-trending;Music synthesize;contingency;../fake-data/blob/hipster.png;image/png;Bacon Bulgarian Lev optical
10;capacitor;pixel;TCP Pants;../fake-data/blob/hipster.png;image/png;one-to-one Enterprise-wide connecting
