id;img_url;img;img_content_type;descritpion;category_id
1;Ohio clicks-and-mortar Knolls;../fake-data/blob/hipster.png;image/png;overriding;1
2;Tools SSL;../fake-data/blob/hipster.png;image/png;reciprocal;2
3;Branding;../fake-data/blob/hipster.png;image/png;Intelligent South Georgia and the South Sandwich Islands;3
4;Harbors;../fake-data/blob/hipster.png;image/png;National back-end white;4
5;ubiquitous Games Applications;../fake-data/blob/hipster.png;image/png;Awesome Wooden Soap virtual;5
6;Clothing executive;../fake-data/blob/hipster.png;image/png;Auto Loan Account;6
7;XSS;../fake-data/blob/hipster.png;image/png;benchmark Buckinghamshire;7
8;Human override;../fake-data/blob/hipster.png;image/png;Health invoice Connecticut;8
9;supply-chains;../fake-data/blob/hipster.png;image/png;Investor;9
10;neural;../fake-data/blob/hipster.png;image/png;Synchronised;10
