id;img;img_content_type;title;description;active
1;../fake-data/blob/hipster.png;image/png;gold;../fake-data/blob/hipster.txt;true
2;../fake-data/blob/hipster.png;image/png;application reboot;../fake-data/blob/hipster.txt;true
3;../fake-data/blob/hipster.png;image/png;Mountains Handcrafted Plastic Computer reboot;../fake-data/blob/hipster.txt;false
4;../fake-data/blob/hipster.png;image/png;Turnpike alliance;../fake-data/blob/hipster.txt;true
5;../fake-data/blob/hipster.png;image/png;killer bypass Denmark;../fake-data/blob/hipster.txt;false
6;../fake-data/blob/hipster.png;image/png;Tonga Georgia Barbados Dollar;../fake-data/blob/hipster.txt;false
7;../fake-data/blob/hipster.png;image/png;convergence National networks;../fake-data/blob/hipster.txt;false
8;../fake-data/blob/hipster.png;image/png;Chips;../fake-data/blob/hipster.txt;false
9;../fake-data/blob/hipster.png;image/png;Nepalese Rupee Sleek;../fake-data/blob/hipster.txt;true
10;../fake-data/blob/hipster.png;image/png;models Savings Account;../fake-data/blob/hipster.txt;false
