id;details;active;tenant_id
1;../fake-data/blob/hipster.txt;false;Lebanese Pound IB
2;../fake-data/blob/hipster.txt;true;Human
3;../fake-data/blob/hipster.txt;false;Configuration Station
4;../fake-data/blob/hipster.txt;false;solution-oriented
5;../fake-data/blob/hipster.txt;false;compressing hub Drives
6;../fake-data/blob/hipster.txt;false;Adaptive Brazil
7;../fake-data/blob/hipster.txt;true;Books multi-state
8;../fake-data/blob/hipster.txt;true;Factors Awesome
9;../fake-data/blob/hipster.txt;true;Camp systemic microchip
10;../fake-data/blob/hipster.txt;false;supply-chains Ergonomic turquoise
