id;number;label;start_time;end_time;tenant_id
1;16876;deposit;wireless;lime;Unbranded Frozen Sausages Handcrafted
2;59583;Toys Metal;hacking;Money Market Account;Centralized Borders
3;44486;Unions;Industrial Soft;Incredible array bluetooth;El Salvador Pennsylvania
4;35317;backing up hack Berkshire;indexing;driver drive;Sleek Wooden Chair
5;43140;withdrawal Incredible Wooden Chips open-source;target Practical Industrial;Incredible;ivory Personal Loan Account
6;63258;AGP;Savings Account Programmable;hierarchy SQL Visionary;deposit
7;77160;Unbranded Soft Gloves;Plastic GB;XML override;Human Forward
8;2713;Designer;Svalbard & Jan Mayen Islands Concrete;Concrete;programming Bike facilitate
9;71348;back up mission-critical invoice;bandwidth Savings Account Checking Account;rich quantifying Cote d'Ivoire;Developer Orchestrator
10;12242;EXE;Cayman Islands Dollar Australia;Small Fresh wireless;Soft Indiana
