id;name;note;img_link;img;img_content_type
1;Handmade Dynamic;Movies multi-byte;payment;../fake-data/blob/hipster.png;image/png
2;US Dollar Handmade architectures;Savings Account invoice;indexing;../fake-data/blob/hipster.png;image/png
3;Advanced Security;ivory system;Clothing SMTP;../fake-data/blob/hipster.png;image/png
4;morph Synergistic;Licensed Soft Table e-services;scale Home Loan Account;../fake-data/blob/hipster.png;image/png
5;Soft;calculating Iran Intelligent;Seychelles Rupee;../fake-data/blob/hipster.png;image/png
6;Borders Gloves Multi-lateral;sensor Cotton;Applications Internal;../fake-data/blob/hipster.png;image/png
7;Developer paradigms Team-oriented;input Practical Fresh Cheese National;Personal Loan Account;../fake-data/blob/hipster.png;image/png
8;bandwidth;collaboration array;Granite Berkshire Grocery;../fake-data/blob/hipster.png;image/png
9;forecast hacking implement;fault-tolerant Credit Card Account;Rustic AGP;../fake-data/blob/hipster.png;image/png
10;Regional;best-of-breed AI;Throughway national;../fake-data/blob/hipster.png;image/png
