id;vision;mission;tenant_id
1;Metal;Ville mobile;user-centric
2;Future-proofed Kuwait Liaison;cyan stable;parsing HTTP
3;generate;asynchronous synthesizing solid state;Multi-layered Credit Card Account
4;Frozen Avon;navigate front-end Sleek Fresh Pizza;Orchestrator maximize
5;Synergistic Baby target;Manors;eyeballs District
6;capacity array mint green;Sports National Borders;Handcrafted Plastic Towels Vermont Mozambique
7;Home Legacy Unbranded Frozen Tuna;Bedfordshire;IB Wisconsin
8;Lithuanian Litas violet;Product;1080p Synergized
9;explicit Manat;Kuwaiti Dinar Bedfordshire;Sleek Metal Chair Cotton
10;Centralized program;Books;Licensed Cotton Soap
